{"cameraMode":{"drawMode":0,"name":"Shaded","section":"Shading Mode"},"sceneLighting":false,"audioPlay":false,"sceneViewState":{"showFog":true,"showMaterialUpdate":false,"showSkybox":false,"showFlares":true,"showImageEffects":true,"showParticleSystems":true,"showVisualEffectGraphs":true,"m_FxEnabled":true},"in2DMode":false,"pivot":{"x":1.4901161193847657e-8,"y":0.1682736575603485,"z":0.0009242892265319824},"rotation":{"x":0.056618183851242068,"y":-0.9433445334434509,"z":0.22666965425014497,"w":0.23565161228179933},"size":0.3703913390636444,"orthographic":false}