{"cameraMode":{"drawMode":0,"name":"Shaded","section":"Shading Mode"},"sceneLighting":false,"audioPlay":false,"sceneViewState":{"showFog":true,"showMaterialUpdate":false,"showSkybox":false,"showFlares":true,"showImageEffects":true,"showParticleSystems":true,"showVisualEffectGraphs":true,"m_FxEnabled":true},"in2DMode":false,"pivot":{"x":-0.13640213012695313,"y":-1.6078987121582032,"z":1.6405525207519532},"rotation":{"x":0.2920168936252594,"y":0.15265682339668275,"z":-0.047270890325307849,"w":0.9429731369018555},"size":28.935518264770509,"orthographic":false}