{"cameraMode":{"drawMode":0,"name":"Shaded","section":"Shading Mode"},"sceneLighting":false,"audioPlay":false,"sceneViewState":{"showFog":true,"showMaterialUpdate":false,"showSkybox":false,"showFlares":true,"showImageEffects":true,"showParticleSystems":true,"showVisualEffectGraphs":true,"m_FxEnabled":true},"in2DMode":false,"pivot":{"x":-1.1725034713745118,"y":0.7065314054489136,"z":-0.39264973998069765},"rotation":{"x":0.21123169362545014,"y":0.06364193558692932,"z":-0.014254963956773281,"w":0.9753678441047669},"size":1.9254429340362549,"orthographic":false}