{"cameraMode":{"drawMode":0,"name":"Shaded","section":"Shading Mode"},"sceneLighting":false,"audioPlay":false,"sceneViewState":{"showFog":true,"showMaterialUpdate":false,"showSkybox":false,"showFlares":true,"showImageEffects":true,"showParticleSystems":true,"showVisualEffectGraphs":true,"m_FxEnabled":true},"in2DMode":false,"pivot":{"x":-0.19998814165592194,"y":0.38462746143341067,"z":-0.028861135244369508},"rotation":{"x":0.005098462570458651,"y":0.9948114156723023,"z":-0.078061044216156,"w":0.06511494517326355},"size":0.40631669759750368,"orthographic":false}