{"cameraMode":{"drawMode":0,"name":"Shaded","section":"Shading Mode"},"sceneLighting":true,"audioPlay":false,"sceneViewState":{"showFog":true,"showMaterialUpdate":false,"showSkybox":true,"showFlares":true,"showImageEffects":true,"showParticleSystems":true,"showVisualEffectGraphs":true,"m_FxEnabled":true},"in2DMode":false,"pivot":{"x":7.086342811584473,"y":-7.511334419250488,"z":23.65683364868164},"rotation":{"x":0.18905630707740785,"y":0.004431148059666157,"z":-0.0008513423963449895,"w":0.9819739460945129},"size":21.136940002441408,"orthographic":false}