{"cameraMode":{"drawMode":0,"name":"Shaded","section":"Shading Mode"},"sceneLighting":true,"audioPlay":false,"sceneViewState":{"showFog":true,"showMaterialUpdate":false,"showSkybox":true,"showFlares":true,"showImageEffects":true,"showParticleSystems":true,"showVisualEffectGraphs":true,"m_FxEnabled":true},"in2DMode":false,"pivot":{"x":16.248647689819337,"y":-1.2368299961090088,"z":0.6175586581230164},"rotation":{"x":-0.046326469630002978,"y":-0.6904747486114502,"z":0.04438401013612747,"w":-0.7205243706703186},"size":9.067924499511719,"orthographic":false}