{"cameraMode":{"drawMode":0,"name":"Shaded","section":"Shading Mode"},"sceneLighting":true,"audioPlay":false,"sceneViewState":{"showFog":true,"showMaterialUpdate":false,"showSkybox":true,"showFlares":true,"showImageEffects":true,"showParticleSystems":true,"showVisualEffectGraphs":true,"m_FxEnabled":true},"in2DMode":false,"pivot":{"x":-0.18775279819965363,"y":-2.8808534145355226,"z":3.2835023403167726},"rotation":{"x":-0.11583729088306427,"y":0.6440397500991821,"z":-0.09950964897871018,"w":-0.7496131658554077},"size":7.247725486755371,"orthographic":false}