{"cameraMode":{"drawMode":0,"name":"Shaded","section":"Shading Mode"},"sceneLighting":true,"audioPlay":false,"sceneViewState":{"showFog":true,"showMaterialUpdate":false,"showSkybox":true,"showFlares":true,"showImageEffects":true,"showParticleSystems":true,"showVisualEffectGraphs":true,"m_FxEnabled":true},"in2DMode":false,"pivot":{"x":-21.423324584960939,"y":-181.82069396972657,"z":-525.0953369140625},"rotation":{"x":-0.0051590134389698509,"y":0.9853881001472473,"z":-0.16772685945034028,"w":-0.030146829783916475},"size":280.7144775390625,"orthographic":false}