{"cameraMode":{"drawMode":0,"name":"Shaded","section":"Shading Mode"},"sceneLighting":true,"audioPlay":false,"sceneViewState":{"showFog":true,"showMaterialUpdate":false,"showSkybox":true,"showFlares":true,"showImageEffects":true,"showParticleSystems":true,"showVisualEffectGraphs":true,"m_FxEnabled":true},"in2DMode":false,"pivot":{"x":16.580387115478517,"y":1.9769182205200196,"z":-53.27165603637695},"rotation":{"x":0.1778683066368103,"y":0.4599890112876892,"z":-0.09442934393882752,"w":0.8645650744438171},"size":0.05733513832092285,"orthographic":false}