{"cameraMode":{"drawMode":0,"name":"Shaded","section":"Shading Mode"},"sceneLighting":true,"audioPlay":false,"sceneViewState":{"showFog":true,"showMaterialUpdate":false,"showSkybox":true,"showFlares":true,"showImageEffects":true,"showParticleSystems":true,"showVisualEffectGraphs":true,"m_FxEnabled":true},"in2DMode":false,"pivot":{"x":39.223297119140628,"y":0.4639463722705841,"z":13.280336380004883},"rotation":{"x":0.008719585835933686,"y":-0.9913363456726074,"z":0.08976577967405319,"w":0.09582211077213288},"size":0.7813469767570496,"orthographic":false}