{"cameraMode":{"drawMode":0,"name":"Shaded","section":"Shading Mode"},"sceneLighting":true,"audioPlay":false,"sceneViewState":{"showFog":true,"showMaterialUpdate":false,"showSkybox":true,"showFlares":true,"showImageEffects":true,"showParticleSystems":true,"showVisualEffectGraphs":true,"m_FxEnabled":true},"in2DMode":false,"pivot":{"x":-211.53683471679688,"y":80.07862854003906,"z":181.00466918945313},"rotation":{"x":0.0680500939488411,"y":0.3521105647087097,"z":0.028397634625434877,"w":-0.9325398206710815},"size":239.38821411132813,"orthographic":false}