{"cameraMode":{"drawMode":0,"name":"Shaded","section":"Shading Mode"},"sceneLighting":true,"audioPlay":false,"sceneViewState":{"showFog":true,"showMaterialUpdate":false,"showSkybox":true,"showFlares":true,"showImageEffects":true,"showParticleSystems":true,"showVisualEffectGraphs":true,"m_FxEnabled":true},"in2DMode":false,"pivot":{"x":14.825267791748047,"y":0.29300975799560549,"z":4.981611251831055},"rotation":{"x":0.21525320410728455,"y":0.08574308454990387,"z":-0.018988432362675668,"w":0.9725977778434753},"size":7.699049472808838,"orthographic":false}