{"cameraMode":{"drawMode":0,"name":"Shaded","section":"Shading Mode"},"sceneLighting":true,"audioPlay":false,"sceneViewState":{"showFog":true,"showMaterialUpdate":false,"showSkybox":true,"showFlares":true,"showImageEffects":true,"showParticleSystems":true,"showVisualEffectGraphs":true,"m_FxEnabled":true},"in2DMode":false,"pivot":{"x":19.28981590270996,"y":3.424419403076172,"z":-73.62535095214844},"rotation":{"x":0.0011698105372488499,"y":0.9865323901176453,"z":-0.007103452458977699,"w":0.163282573223114},"size":21.136940002441408,"orthographic":false}