{"cameraMode":{"drawMode":0,"name":"Shaded","section":"Shading Mode"},"sceneLighting":true,"audioPlay":false,"sceneViewState":{"showFog":true,"showMaterialUpdate":false,"showSkybox":true,"showFlares":true,"showImageEffects":true,"showParticleSystems":true,"showVisualEffectGraphs":true,"m_FxEnabled":true},"in2DMode":false,"pivot":{"x":-47.70492172241211,"y":18.467058181762697,"z":-27.805776596069337},"rotation":{"x":0.01978929527103901,"y":0.9688353538513184,"z":-0.23278997838497163,"w":0.08241650462150574},"size":0.7813469767570496,"orthographic":false}