{"cameraMode":{"drawMode":0,"name":"Shaded","section":"Shading Mode"},"sceneLighting":true,"audioPlay":false,"sceneViewState":{"showFog":true,"showMaterialUpdate":false,"showSkybox":true,"showFlares":true,"showImageEffects":true,"showParticleSystems":true,"showVisualEffectGraphs":true,"m_FxEnabled":true},"in2DMode":false,"pivot":{"x":-4.637188911437988,"y":17.770021438598634,"z":-36.788028717041019},"rotation":{"x":0.09609121084213257,"y":0.22701744735240937,"z":0.024238139390945436,"w":-0.9683418273925781},"size":2.7730977535247804,"orthographic":false}