{"cameraMode":{"drawMode":0,"name":"Shaded","section":"Shading Mode"},"sceneLighting":true,"audioPlay":false,"sceneViewState":{"showFog":true,"showMaterialUpdate":false,"showSkybox":true,"showFlares":true,"showImageEffects":true,"showParticleSystems":true,"showVisualEffectGraphs":true,"m_FxEnabled":true},"in2DMode":false,"pivot":{"x":-214.07949829101563,"y":-42.70238494873047,"z":60.660736083984378},"rotation":{"x":0.07484156638383866,"y":-0.4709775745868683,"z":0.037261415272951129,"w":0.8776490688323975},"size":239.38821411132813,"orthographic":false}