{"cameraMode":{"drawMode":0,"name":"Shaded","section":"Shading Mode"},"sceneLighting":true,"audioPlay":false,"sceneViewState":{"showFog":true,"showMaterialUpdate":false,"showSkybox":true,"showFlares":true,"showImageEffects":true,"showParticleSystems":true,"showVisualEffectGraphs":true,"m_FxEnabled":true},"in2DMode":false,"pivot":{"x":5.1362738609313969,"y":0.16180884838104249,"z":1.1580195426940919},"rotation":{"x":-0.10092143714427948,"y":0.5706668496131897,"z":-0.07032305002212525,"w":-0.8120375275611877},"size":2.6299238204956056,"orthographic":false}