{"cameraMode":{"drawMode":0,"name":"Shaded","section":"Shading Mode"},"sceneLighting":true,"audioPlay":false,"sceneViewState":{"showFog":true,"showMaterialUpdate":false,"showSkybox":true,"showFlares":true,"showImageEffects":true,"showParticleSystems":true,"showVisualEffectGraphs":true,"m_FxEnabled":true},"in2DMode":false,"pivot":{"x":-0.5964200496673584,"y":-0.41779088973999026,"z":3.2940099239349367},"rotation":{"x":-0.1562250852584839,"y":0.2523646652698517,"z":-0.041324615478515628,"w":-0.9540465474128723},"size":3.3073947429656984,"orthographic":false}